Dato,Hash
A'donte Washington,f6a902540306897685bca2346be00470c73fd20e430757afbe71791a6755864e
Aaron Rutledge,26b39ad4b922e228cab9d15c90749bb3c48f5b35920edd6a5031458ee3457599
Aaron Siler,5c2595a05e1778f6c0d2e87b4de6bf6db0cc7c9dfd344260a67fec5e1238697d
Aaron Valdez,9dd35c0abb4b1a36442c3e0e4c115123a0f5ac46c20fe6ddcbf68d74a16239c0
Adam Jovicic,d1caa1ab9ae21faac2483faf1c518b8ecdbb966b15af5db7731743374cc471b7
Adam Reinhart,15ef1367c9e22bd66f9915aadd9638f42137a6db305d3bccfadc3b7b475db38a
Adrian Hernandez,9734137577c5b977a910fd7d8de82c218021ec95d257dd98ae9f112adf3c0798
Adrian Solis,888c532a692530127a3887965732ce5807db8bd7187e7e049bfeff9fa3813438
Alan Alverson,6e15e57c53ac8b4776f66aaf7e8f404b0c21dcedf0bcf3bd62ec7b00238c0a30
Alan James,7fdc3f2b2616cc432672295dad090c55792675a7faac8f06d8a036468cdc336c
Albert Hanson Jr,5e1f99eef30314b1538b1083e6052bfb7b81de08396ac9d3bf3571cd02003f83
Alec Ouzounian,ff179b57d2ecfcdb61c16075c84895dd9b0716baa9a1f282686922f08743299a
Alexander Long,68b0384962693df57d673367612d474cecd874b3d0771d5acbe7b343dc80cac2
Alexander Myers,a3c7ff095075c63f5b54d9a1c514a84346073391408ab9b0792daf381b35b5bf
Alexander Rivera,465b764d5bf95981453b72e1d4e4d037f46ed1fa1542587df42b1b1d3cb74369
Alexia Christian,7d561ef377c47e1b78036bbef040ad42890b0b0292540915fb58649a03e21f69
Alice Brown,e688b3a48f4baa3ddf4d7f4898efc34d72866af3d27dc4f90434fb1e6b6c2098
Alvin Haynes,b87511d1123ecbfd92e0c59296b5024e8518f6baa317da22d47d4eef0972936a
Andre Murphy Sr,a4cc1cc0093f6120d054b9e84bfda7f33c20e1ce5d9102883774e9c69b848421
Andrew Driver,69b835372f21833a430ed0bc221a1eb99d1d111d88385258ea960a8629bebeda
Andrew Jackson,98ceae1f6032891ad2119fbfb779e5c8f5621095b1a0694998f300868fd56e81
Andrew Shipley,e4687ef633a05c9a375f5bf4d914786b7a5badadfb439363a2387e9c1c4e8d66
Andrew Toto,7dde2765981f8aca7c5e8982c200fbf551ce7792c88013e307cc4cb0e2134373
Andrew Valadez,6fa622fa1059e73acb1cb13b3cb41fb6b9d85ca66e2928a9224485b1cc2f1e20
Andrew Williams,ac1af78e762e965d77a7f52792f662dec6829b2515db63ff1a602a51f8e51832
Andy Martinez,33a775d879d8bfccaceac6cbf49b16a6ba563a70be8809bb71649ac0563144bc
Angel Corona Jr,65e3e7102d75794e1d14173919617eaca8ba63043294610c51b2e2a19ed3624f
Angelo West,795d2a3a4241523b4b7ce7be075f60ecd6f739944f2d408cf2cee34caa9ede88
Anthony Bess,78ed0a0be58930d431025f24c86f7ed403788980a74b6ca2393162c1ed349b1b
Anthony Briggs,f9b9f569f76834a5b1b0d6821dd1fb656679b7a9567299ca6b2324c485724aae
Anthony Giaquinta,fc15122f18912c759911164ae7e0978d6e2a676481f2880305f23e0c69f88d0c
Anthony Gomez Jr,f78a95b17f5cb80a8d61fa6986303c489264fb19d2d8ec9ee3e92488bfa5015f
Anthony Hill,59614e91f446869f315629cb0507dd7feb4fedf66fe9c333e24877796c4c9941
Anthony Purvis,102274ccd6777360078a43ffb1a1efa1f4241ce185b732974a82693052fd0ad2
Antonio Perez,e9a07030b96ffda520f1e226d6944a4bea42950e3e7e7838ecc52a42eb06e57a
Artago Howard,c6196220bbe4d3fdcf267ff457116a0151d2f376e636897da32b5514a70b7ff1
Askari Roberts,e294e13871607e1cc1bb83ea76fd607b622284544e4196fe42594d93e0992309
Aurelio Duarte,8a61570f6a74435371c8f563501e68f56d05f37e5ffaeb7056f30a5ec3001aeb
Austin Goodner,6bc5c8b23be608325ad3df484457beedf6f690fb10afc000bff836bb2b28a663
Autumn Steele,e07f485c0c3118c5eb9296cc388e03ed19983c27a3d8b3e199f02ed880b9b157
Benito Osorio,3c99d3218187383b1743d72f8932aeea25679e955f213c3372ac71ec769cf95f
Benjamin Quezada,74289fc796626ccbf90190572ab194911c5b5b2c2fc2ce020c53fb77b3560db5
Bernard Moore,d4909eb21bf59f31b2ece3e0c0411877e9987cd0bd1ee68ebb6e08b6fe6ccf63
Betty Sexton,918486450487795cda85992a828d74393bdfd95ac60e9a6ed2c741d79ef0ed49
Billy Grimm,7d40f43d4ea64c61bc0416eaca573f1b1e201fd9e09060632b690b3a4b334f3d
Billy Patrick,72511df6a0e8925017d18b1cda8ddbf612839fc31722ffb7327916653dbb1eb5
Bobby Gross,3c1c7f1621e6f4fe4e3f448adda927a3e0a0faa12f48c2e92bd1fc5ba5479f5d
Bradford Leonard,bf42865c4418de62180c185fc0c62af40ae1d3511516496ae21d5f29e03c47a8
Brandon Jones,fb1796659d003e2c500af5715e1c6b4a69d2103a826eda85b77ab8178f6f3627
Brandon Lawrence,b68a335787eb19b13ccab7d2f247ab28d0604e96e049837c3fed3e331a1259c0
Brandon Rapp,8141fcbfc71b26c9d29171836cea73bb4d5e706cc008fe530ee3b22f565ca984
Brendon Glenn,d3113d1e4487423a4bb109518d97ff4f009cc26decffd626f528a94e10e2070c
Brian Babb,abcef07f97666e75807d8b74f68cfc08ed506d3a74ea1430d80cecb6fe67eb85
Brian Barbosa,22988e697c91d28107cd2c776572e8829fb8f6c90c077168170fb5bd96b727a8
Brian Fritze,16614ac708571610f23619c53d00a9e8c44d1806c7b400fcd3c3c79d87c98a2e
Brian Pickett,84671ff776a7ddbf1d8143b1b98ad902a17d20395d7fe69ee28bdc3054d1b495
Brock Nichols,169d8494ba0e19fa2675e1d0a9968be8d0390d7c93646c1227995479eed7d437
Bruce Steward,5cdfa600b2fb70360a8374667e4a3895db7098c8d3726b74a1281a6891e00286
Bruce Zalonka,23b704b2b52aed1ed6eadaed43c17b81fa4a78667b875a3e5882523bfb6b9ba5
Byron Herbert,bcadb60e717ecaf0d974110811247b2e7b10672d0273f19ad4010966d6aaf984
Calvon Reid,bdefb5a5ae65df13122722b77a8bf7b9ecf024847672a6e6b84c7f6931d1ae86
Carl Lao,3bf01d878cdc875974b2a1bd665aeaa6d8b2a4cbd0ddda255039d3166123ddaf
Carlos Saavedra Ramirez,b70fb10051d661359db7495688e82528b9966da75a2220c02ba98e422a025c23
Carter Ray Castle,cd173154d3e2f700afe5780d870acd3ed3122ee113dc138f3cc20269d26180b6
Cary Martin,35301af75b2cd4c54702f00f1dc1f15dac40b7b63117514f56c8384d808014b5
Caso Jackson,660934af9f9a4365c5cd462c4e0e7d68da5b0509bb856d0b050eb963a86bfc2f
Cedrick Bishop,11668f5beeffa49db63eafb1f7b4492a8915097a35435fd04a8bf7971c8a3aca
Celin Nunez,85b57b62fe72dffbdcaebac002a156b73c9f08370bfc13d3c69e9cc0e7c265d3
Chance Thompson,860d3dfb86bc88752eb2867a8a680e4afe94808ce6c55f5e56f98c40f311807f
Charly 'Africa' Keunang,0ba01489362224467ab650a70cb43a9d3fff7d693df50f9e11c23dd6301faf2a
Chazsten Freeman,122a484bc2c88ab27267aad376661c7bddd576eb59d8bcf0881fb5e14a07075d
Chris Ingram,d6f44ce94d9c11f5ae81d279b8e1047e782102095663b10482b041c07bcdeda0
Chrislon Talbott,e6037b1d4793c9a372f3a29ecfacf0cc8c848445a6200b4bcb4db4569865bb53
Christopher Finley,0a2c13ef1a4a1ce31980d5e8e7a77ae1fdeb08881245be79a11e8f42ddfa9fca
Christopher Healy,4df93500681a151e1af4092023485bc5c3ff562c0e99068b47cbd382b0f5f584
Christopher Mitchell,b0cb00df51d0fde551a282e246a8f584b041b84128e11b58ddcc7976925c92b2
Christopher Prevatt,39c7b7208ef7b712c87d2fd7edb2197ec0cb605c399f72072c330a0e6b1ddb7b
Clifton Reintzel,6f4e9f3961dd0deb565a9052fec5db53de01e3b7355fe08433a683f33dc9d838
Cody Evans,23745578de5d9b91536cdbf9c8529d1518f9eafd4040bf0818532e1a5fb51ae1
Cody Karasek,bef8d51d1677fb538de7b58b98659017264e02f813f4a164035fa549bb49f485
Cornelius Parker,34c1568c94172b231620b1345e2e4d639d2efc1ac8b2347410c870002ed94c15
Crystal Miley,053ab2b03a9f28e198db6b39ca88a1eda5ae090039df587988c313eda12a8bb3
D'Angelo Stallworth,dd94449af34419bfa735f59af8bb02ae9a934641728786f50b4cc071c70f3677
DaJuan Graham,f2b9095311205f775a58bdf61ecdd13f2467c54853112f4c156943a26546b54b
Dalton Branch,54effc88619aeb7e7156b71fd91047d5b4a4126fbb9f339f665e63db1911e861
Dana Hlavinka,b0067783c7ec50a16f7be6f63a5890e2f183133c16ffe13a8dbdb4ddc430f6a1
Daniel Brumley,b0089af3e12977cb27828b7e1655d7e5f713ed1a3615752769241f0e72eb99ad
Daniel Caldwell,b6952d4c91e791a22c388a3cd35c7fa7edf2c12bea074c1e083ce40c3ec84180
Daniel Covarrubias,b004f99c74dc0f53ce2a1d1e0658cf0698634fcdd2a04f7a3cde240c7aca4595
Daniel Davis,0aef6002c88ca38c5578cef9375b037538d1f72729193a32b3a6ab253f297800
Daniel Elrod,d7aeaf483fae5590530ef92626f8d9798193e329c9c6a613a64194a7def6e17b
Daniel Mejia,ced630ebc5d7c80c725dc801704a3d06b73f1333c93caa7b56c7da415318432e
Daniel Wolfe,8c9187c8fcae8ed538db2197f8ae08cc41dff3a3a54073a26c7ac183205521f7
Darin Hutchins,0a56d9d069b4abfd7f64d25bd55f9a318e16371efdbcc9dea68c05dd4c16940e
Darrell 'Hubbard' Gatewood,5aa60c953e44f6187303840318265fe8c54c6bce12ac7c0367d82d638a103c91
Darrell Brown,c9d742badd01a0de6887238214053f2487475941046a5230c58f3a34c2e1dd9a
Darrell Morgan,691bc6d3bfd3f7e4dbe2d305cde60d15e49d387389d43246862e26df5ae31f70
Darrin Langford,70541a9a72030f9bd0477d04bd316a3280ca0bb1f135cd204cbf913ef19c3787
Daryl Myler,0016ac23de8c997affe858d2dc93e89489121c36030b24e0b35a0b945a7642ff
David Cuevas,89c8e8ab47afb065fd82790dd8473300d14ab5103e86671068e88da1b07926d2
David Gaines,c41b56d5fbe1602f748e07e22bf7a8d665b1a84a316212da2d272079c3052c43
David Gandara,4bdbf5cf3813842f2a6125ae037d8a3f482728ef50de72ed41c9f1e47fff2c4f
David Garcia,a13d18767b15844f4adaa45b47b3003df6df9515ec0ed83afe32f2a13504f60b
David Johnson,5ab2da886352ed00f2113c52a0c02bbaf02b51a16e2bb502c7255279d0779e8d
David Kapuscinski,3bd3bfe864c249c8eba25ca06cd3103ac0ecd405c5b28a81499d9d2ac7c44f27
David Kassick,beef9555d5ceca6fe5b374c9ecf7a14d038d6749093beabea64508f8a90e3d3d
David Lynch,edd39be5b857defc93c7315e0b64c7f26eb6c90810ea2fd7526c29fec1572033
David Parker,51cf468b43d92d3a5e0ef7d3df80edc382c44769251123d89136e2e1bf3b3652
David Schwalm,3431c6987f1df332e823826c95221ab71654b10c64e88087fc7e94df07f1bd6c
David Watford,35734121572d5ddc519e4e79b60d63dff1eb1b2c3a76490cf78f9c97d367b082
David Werblow,9c0cdb0e1975c204b55941f46cae2b2b18490b96ae146b36c8341105a043aa27
Dean Bucheit,da182d615639e8f253a71fd63289860b758643869bd30f9f5d67cf2dfb2a7ec7
Dean Genova,1659069cb6edcf99d95700d2734e86195d4dd05188926926132c71cc89aee911
Deanne Choate,944e6ebce002081151dd06b506956a463cf9302bd0c86aabcf95adcdacfa3608
Declan Owen,f802c9d9175d7b4ac69a0c004a018604ca1fd37e674b2276da64efc49812c6e5
Dedrick Marshall,0ed2cb34a1e10ec88b8d72c9d2d11733e38ee5eb47d25e5473294cc47a82bba0
Demaris Turner,f253be8946cfc5d9761f868568e3365639fca97f07eed11e74278f246bbfab19
Denis Reyes,931c4add852c623b67eb480215ebae0fd94622e5ae6e5ef5dafdd73328b51286
Dennis Fiel,6d60ac454dc4850766c4f442a523accf528502d64624486f5b1c189be284a327
Denzel Brown,a848ade3578c8dfbab766e1b22560d7104322a5802047ac8a1a9b0a17e4eb6a5
Derek Cruice,e1821efc8502cbd9533f28a2761ca285f2a163095a787a40d6f72f458a3d5794
Desmond Luster,a9af7a326a5df8ce5b87a95ed7bf0107f0884604a45b067deaf60eb0ab4f8596
Desmond Willis,fd07e9b4f89817dd66e53f83bf5484bd6809f4bccf41128cce53edafbad1d17d
Deven Guilford,146486549ea74c655098252b1d7045652b931b72f050f2004c7e759e37b10386
Devin Gates,dbc5fe07800234f80f016a7a9d47f9cd6e6ad649ff6893a5a330b7a58821e86a
Dewayne Carr,5d6e31bfc406983e2ff4afdecf8ddad397a006522971100b574f27c35507b64a
Dewayne Ward Jr,e5b56ce7f22667853e4e0623827d9e5565ef4b974000e53abcab2c13042b0e75
Dexter Bethea,30fb9c062886a1c7b8d071a56524d29a97d2d0dee5b3cf06fbb68580f1919bb5
Dominick Wise,23eb101c433d63a9eec02432d3e6112e16ce2c560ddac0beb86ab1fe700cf4b9
Don Smith,e28c185539bf7266eeb9b71ee8571b4c25bab13afe1bd81a047b75a189339916
Donald 'Dontay' Ivy,96e75e6be7264069f9305de735120863e254dee06e6df9b49ac01f561b2c80a0
Donald Hicks,96b92b17d783e9963fd73ee46ccdf94627d329d1f1b0f6fa6cc9fa415da7f8f0
Donald Matkins,9375e05be0731a6ab23766c6cd4f3aed9e41a303a3c21b08bf8d87b59204bd17
Donte Noble,2124d771207c4443abd7539f88c4f5508bd00dd8bcbbd830d3982c049c957273
Donte Sowell,7d79059da2f6b8d4aa7ef54bac169a6c2158c47cce8e7629ce28b41cfa8db750
Doug Sparks,b251964de1f7b90e5c801ef98e2a02f7d0a9c85470820d0d3ecf6cb7fa58835a
Douglas Faith,903c4cb1abe975d4079301a34301ed4243c2b0409d2c5d3da4dab7b2e4052745
Douglas Harris,b6c6b86c2e98b9f8dd47d0a82cc1debc9eba36e3ff67536bac4f2778d63b07c7
Ebin Proctor,7a671a77b10314f9fa85781e58fda2c52202a29f1c3afeabd87dc9cfdd6ddd89
Edixon Franco,eb7b28e4b20877215c048e355743090bd0dc95b0501fed62dc8fdc22dad0747c
Edward Bright Sr,302ace860fb6455b7c3284364038c927fb111d442584041276fca4bf5f901521
Elias Cavazos,e420ee3e7cf1d8493de765459957c28d01ce075283a39c46842f377d1fb12b87
Elton Simpson,e97fee338fa0ac96ce5646287efb51b68c827361b44d086282b971c74061f9a4
Elvin Diaz,615e5db576c7b7691a1ef4cb05248c132e849ffa330b81f11c7f9bd4263d4d1c
Enoch Gaver,a80513450c401dc770994d442f44dc8661995e9b132794f3af950752e1d1448e
Eric Harris,fb500d95629d33f3cc382fefd013dec72c64042156b846035a82673b4a834df6
Eric Robinson,3af435df2a122ab9cec783e23dfc894ca86e984d32526b1f998ad303894b0640
Erick Rose,fbbcada0bcc0eccdaf38107a631f9698e58c41e88d0d374fbf8d86dfe8257792
Erick Sanchez,0299173bc90d352fcd52c4101b17e6ab27b59db20de1678fb0b1390b26850b1d
Erik Tellez,8b8f49ed5f541f510fa59712fb8a18ca45aaa0ac9352e2a03fffa37e5765fab4
Ernesto Flores,4a5e668af77bded715b56a20d9cc4157d1fd21bf1298498f6cb9b0a076a7b2a8
Ernesto Javier Canepa Diaz,c26f2ce1f795165441363afca497b01d394f7be625cd770d53323e881c6420ab
Ethan Noll,660edceb1f020f95c9ab86e5664e44e8141940134c55a81301904f49199fa1b8
Eugene Smith II,fe62e23546fcef9b700dcc63486b527d6063c79c8ee64fdc6deced9dccacafda
Fednel Rhinvil,ce82578d3664c6d3a332a5475790d8ea6ae1c8ea19377d33109d4863f2204771
Felix David,6a7e778bae6e4cc6343c7a98ea51d05c40e0f17b2d67a490ec76cd225bec4c36
Feras Morad,803c8df3396f50bf0d01e01f4d0be4990774a94f4aef82a093e414fa2a96578b
Fletcher Stewart,d0fda08baf8eab9316debb074ee8261100258ebc38b739a952d154785abb2641
Francis Rose III,4a955cc52e99974b05805f675d463ad26d2d6e75117e1f7c15bafe5c214e798d
Francis Spivey,2039a12ce3396306397dcaf07bcb0336530cbbe65a9177b12178ff863ee52e79
Frank 'Trey' Shephard III,4fb641211a52b2cbfe30e301ea9c7db006dc9760c29b01a475dc445fad925440
Fred Liggett Jr,21abf4fcd0e0eb07dbe0ee0124d466fcae619570014b6f366d5b2faba1415a49
Freddie Gray,4e235cfbe85d31ac629f4e8eced0315300ba99f1a1e7aa910010780962a720a8
Fridoon Rawshannehad,59a0bbc89aca3050bdd15dcd5b2871f0a3209b87b66da4d4bbe164fbe6b25163
Garland Wingo,4f28e028f3fb680be478df8ec1b64dbedb8ba236a03b35c14d9ed7373c8de5fe
Garrett Gagne,61f87961f1501908446a843bd686de8d615b06258d12fba94c22cd00d78abfb8
Garrett Sandeno,6b540248206b12f86404cf2a0cc912a39ade2c2ab9d83ab0240b5cfe2ce8da47
Gary Collins,b1b3795ab059845b46ef6b23677d9fc28fdbec49dbcc2dc962f9655d89e1f5db
Gary Kendrick,cda16333954988a047ad44c72bfb79d6a478632d4e43213763f01d3232424e00
Gary Page,e036cd1a9b46bb27002d858397f759080b6c552442bf4c16a1f0f26ed6bde411
Gilbert Fleury,bf830f3a6c03bcf1452c817fd7415d277cd86b1f0252c7a584d88b3812cd92b9
Glenn Lewis,21039a26426b4d0b93e62ee5acb05dfae7392984cfd205dbf5082b9ab3e86f5f
Gordon Kimbrell Jr,e0537031d3aae41f456d83bae302d0ad6e4f1985e3578b0c41953f1afb265b97
Gregory Smith,37e033b3b54ba38cc54b15e8a3411701c9f582522996fadc85660acb2eb103e4
Grover Sapp Jr,5d15400870663514da58be2db75f4bae9afa6e064e56fd832e751a73eccbe3c8
Harry Davis,d03e44f670d2bf364b98a5279b3cceaa7903d9f5fb396258e35067cf0eac1752
Harvey Oates,7ec5dd20374382f343a10cf8aa569b2d4afadeebf21f46175b192e667eb7dfc5
Hector Morejon,eae6f2b9f77cee424a7876ebc189bc86e9efbfaf262129b878bc656e09906c0b
Herbert Hill,55a8a7f9c5c6270eae13879ad5882208add8a5a5f26f430e90ace398dd2cf118
Howard Brent Means Jr,2699f64014d697c830c0f0633183f7c2a58ea19060f235122ac038f4ca3cbc0f
Howard Robbins,d4500e67291da5f824b686660ecd94ccb30bca27cf5249752470f0105b565c1e
Hue Dang,acb0de3ca03f7815129b0ce6d73bf4f249623c160b43c66b5c1942c7e64f29b4
Hung Trieu,a1386ae5bd8d089e9e71b9dc03789d6a07349cea76fe1180865dc396a06ebd90
Ian Sherrod,aa846ff333c3ea51ff84c40a607d6f467432719fff3c9871b04567d8c640ba63
Isaac Holmes,6677b2e8f28f4fb4544a055765c3b2ea351662e33e5f1d8e4c440b7f64910080
Isaac Jimenez,a9687335d638e2db626e4a8fbfd480ae47000ccf7fe84d6fe5f38048d6fe3c97
Izzy Colon,558772761fe558107e56a8e8eb8cde54072c5063c906e3b6127ad6ad1382bdf7
Jacob Haglund,bddc6c9f986576a1bfc8c2a0d66d7777b13a0acdb27d340890fbf4604420017a
Jamalis Hall,d7698f1eed5e2e6f4a4a2bc288293b4c22fdffc3534bf2718b3f2285c892a1c3
James Allen,ba88494ac47b790f3b342c9394ab7b0bdf70d05a257be9468fd2b75f68be67d8
James Barker,ac11ab1cc753b88f6241a57e9c99486ff83bc6f071d74de33e9f3cff3d5cc860
James Bushey,52a69eb903968c3bd1e1489c97b115b1136d05f8bfc8e97457072066a8d29a59
James Cooper,aeffb2ca175115e9774197a3cd37afd1829c1124f3762cbedf4d9c036e9c3cdb
James Damon,b02f2eeb6c4a383c3ab4af567fe8b1d6785a92cd6d65d8c45a69e15c6209168f
James Ellis,0cae35e42a4ffbaadeb487c8f59ddefedd1974206052d295b3a5033e6ae28d21
James Greenwell,299aed112f8d0a0e046b6f938a37a6882dbbe42c6951439c1a3c739ecbd17d28
James Horn Jr,e773a953afda2cf76219fe6ce296d1bff74e4e76b20a6d9b93ddcfaa7742e047
James Jimenez,ac17297ef7aaaf2372c7e215de6844883c435f545cf04a3763cc49e11a01d6bc
James Moore,f77c654a536e8458f651779b9f7d8a35f8bd240f44b0fb452e974166fbab66b2
James Morris,81dc90c6cb2486f2139f3f1556a67b94e95c0094e811b84e61df81fc3d4d2a19
James Strong,9b9fb87eb1544b8ebfc88bad4ead420179ec9d08b426badff812d1890ff3e5b1
Jamie Croom,cebe23dbdc6fa1da7b64095cfa511855cf4341d5a973249c6197b5657a34c865
Jamison Childress,a3bcc9122b013a7f21a3cfc23ea9ac7b8cf20b0021ab1c7e8a33b18bf832807c
Janisha Fonville,a74e88d0d478ea30dcd4f464145cf01c65e59e7d561b5de5793b4b5676fbc799
Jared Forsyth,a99b3f9d92cdf36b4c6bc0b07045d7a95a7e89882244d46374fd4f2b5de91e50
Jared Johnson,803f069485dbe6f1af98b10279c11270d892725ce32ff92be95846f032bdaca3
Jason Carter,db126827a77f34963f450c3a3dd9bfc838eda73f1aacf80dd03cc35b8b23c3f0
Jason Champion,311aec5902c2d3c6897bcc3e3b984e05a28a62e03f8867c3a9eb1c36993e19d2
Jason Evans,9ec49d70b57d9c23cf3730c5461c66a905b4661d41bb3ee2202725652a1a9665
Jason Hendrix,5e4bf03194b8e8e7fc7ecafafe12222634bbcbe8cbfc6913ef2c912cd01ced2f
Jason Moland,2bb72c0047b4128e9080faa335252be9b75603304d6d4217484579b14fd9c7f1
Jason Smith,b048914a21effdf78c13d755f1bf1b64aa4f97807e060716731bf4b77a1f9e11
Javoris Washington,89011cc1c7ddb18f33529246cdb79363fd4ab379fc3dddc63ffbdf29be0e6292
Jeff Alexander,75c52e04186b788af7bb2120ed66154e9e5c1ae4c695bc2dc294f0860de0ec36
Jeffery Adkins,b3d0acd1ca5679054ca2dc911eaf50f9cf5da8573f4f3c41fd107e844c789bd6
Jeffery Kemp,bdd2c59c55edab96a4edd753e0a0b718c45ba6b2a7dcd8e1745cf08d7c806571
Jeffrey Jackson,c193c4186a4a721f1345ddd26c1c49ce765c2fb1a5ea0d865cc6a7aee263fae2
Jeffrey Nielson,efc9497017782ed2a9f9dad7a1f4cef7e42ad72366a2c81eafe5e022d5bb75b1
Jeffrey Pitts,04bdf8a0bac42b80cbc6fffacc349e98d16bf28411abf783e852460abdfdd7f8
Jeffrey Surnow,0a340dcfc9ab7c9e4ba059c0b9e14623ec519c73ebca57543c298caee50ec2a6
Jeremy Anderson,bd2c139a5d01fce30f375fdb159407f98cefc507d55df8fa9a8d30a828a0cc14
Jeremy Kelly,4ca574d7f2a78de04ccdf80f6cb9567fb9a048f06a350720434ab52c33f7ea2a
Jeremy Lett,5989aa9a2ac315f746720017e84d2f12736ae819ccc85699e0d772d11ee769bf
Jermonte Fletcher,099bc4ede69a9498c386bf780f052fd30c8c3a096bc3e2c8b7440c642d69d95f
Jerome Caldwell,4934587c0e76517958a3b20a7f88ce47aa39a9275f7f1d3fcce7512c109b75e3
Jerome Nichols,a2cfc2dcc7f093566c0490946c12fe6fdd954dabec30849bc22b49b947618907
Jess Leipold,6a9ec025c67c67dd6703b7df1f8db0639c1617eb8bb7d7288a49e5d531176698
Jessica Hernandez,d72517603df84b7b318162f2d8383bf524bb59a004ea349e9781aec92f0b997e
Jessica Uribe,98e65350b7515f5b33613e8720602624c9f14b6fab23768cb69760e75b5181ba
Jessie Williams,3379eb46cc4ac2bec0b1e95124768e31c52ee5ee2d37477001cec1eec14f1e90
Jimmy Foreman,f9526c629fd0ca6ab0daa21ab014b8a27c6ce83f19bdb7a182553047ee67950f
Jimmy Robinson Jr,537cbf7491180fec298713a1ab9e71d30585dca4fd6dee5203484c08c8f9faa0
Joaquin Hernandez,230617d050a16f66d1a34c85d0d7bb9c24c313e1cb09887e72ccab625d67268b
John Acree,495f693b81182aefcb82d2271a101834cb5e07139c34cb1d6f9cf5301f9e79d8
John Allen,c31a6ab9b5b148adc259f2204448106f6de444a36de96122a78b92c309251efa
John Ballard Gorman,380ad9800dc1382bacb3e98e34fd0878e624194ff5ed016cc77c59638cac659a
John Kaafi,4cf5f4cd4b61892d554deee5c2870fe221249c6396f6d885ceb5a9357d1b25bd
John Marshall,a3eda5cacc97666ce8d346a0a2e037fca3f5ece75e886f6a787cbfdfe9f1a700
John O'Keefe,467fa719acee68e4a77b0ad4e72acb956a14a37745dadb92b75f7dcbca0ea246
John Quintero,1c3778600168cf7c0d8c8b0f2222cb74a6bdf44a7757f30d6a3394e037638fae
John Sawyer,4200461bbbe9340ea529cdfa76c01b8d37eb97f0db6e88ff05c8495c11cd165a
John Whittaker,b000cb833fe4115d5cf788463dde14cbd32d3684d3e824b23dd1e2fdf80365fe
Johnathon Guillory,2c2c63cfba3e76cdecf47b48a86ac1bcd4a14579d90e9d9d67fddee166b510f1
Jonathan Colley,4fe4bc06fc36c208513110cadc964297e2b2fc37dc5ce99dc258f20b03212369
Jonathan Efraim,d802ea880b816c0c9d8d0285f33bc09b1ca9f07b41531b005e3a371577bd2654
Jonathan Harden,041a9d342ce2df9ed4a5c780e2e2cee2f7bcff2e7ed4984af1e53f51e45b8605
Jonathan McIntosh,8f793cdb85d0aceb7d4a05c9790a02ecb7ad43837ab20c5da1d6e40cb1efb249
Jonathan Paul,5393df5dddc47437a5274bb4b7e6be1eb3c9eac2f9902d8e8b7215a0da9c4ec4
Jonathan Pierce,0dfbf073aa8ae8ce62e20d2d7830bb33db9c850230f75bbc166421608727dde0
Jose Antonio Espinoza Ruiz,260680d33c9f0ced9dd0c89e95648ba014d5a5a649fbf280fcb5a1a0885b7d2e
Jose Ceja,fae8434168e416bb0991519059f5f5ebf55804a18d79bbc34b9d85600cb5c5bc
Jose Herrera,0be8dd092d8131f9f567ac1367212f5f91fb59431870229ca73a8b5d05dd5f9a
Joseph Biegert,27a03efc8d8ec1aaf24a1c650db43907df181beeefc03c570216a73d3313f6b7
Joseph Caffarello,afce5a71563f81c99eeebf9f7255406761d1dd79c75fe0e412abe41f0e2ef29a
Joseph Paffen,a2fac5577787e2088c3f790c8120679997c762988af5383af9d69ed65c09d0c4
Joseph Potts,c224368da3c9528c636d57163cfb830d3e82d293f5c7fca36b4fb57495b811c4
Joseph Roy,80a04bd1a07682150d29daaef92c81d8ef4371a6faecb9b32767f00014be1109
Joseph Slater,c5dc11fb5ba70797d00fd9503d5a4bdf9d692700d15ac66a9a28cc47708a874a
Joseph Tassinari,21a2145532eeecf3c4a13572efc6fd7f8c13509ee15abbb2eda71512235527d3
Joseph Weber,7d78d470eaf67b3f47d51cc1c7f70f96ba82f4f3edeb85f0880f4a81063d545a
Joshua Deysie,7c77b7dd423ad92bc5f26a0126b8e50b8abec63d7edbe5aa8dc05cac42e17d3b
Joshua Garcia,eef40453043394a6262ee368c4865b95b386da1fea264d4f6a1802e0b242772f
Joshua Green,1b57ca730d202d786c2feba9ef01e002e1968f18a80efdf0766c912a83ebd00d
Justin Fowler,818d9e0d4fff68f8680e85b0e068e74d356991f8d7c27331872b5b042ef6d755
Justin Tolkinen,3d0ab530eeff66c89b1d4c6279d0f1b218a089915e4a81019a546b35214fcbe0
Justin Way,58424cd53f631d561af46db22554f3bf761521eac3d8ab3bca563627456f0d94
Justus Howell,63e1d87f859f91d0d6f2faa10fe5edcbcef1da63344ac86940ee1aa291d2015d
Karen Janks,60549eb8ba29d92d57f1cd4e23e8b3f64a5c469d1f83c6a135e919fa2496d9e9
Karl Taylor,03d154f7c66b90af8e3aebb0a8b974aca7362338e2937c5e7798cf54e9fb4b76
Kavonda Payton,984866910f21bfde832e34aa18fa2925103b35ba06adf0fdda202d6b02963c1b
Kaylene Stone,a5bd1c1003224d1d4979ec763713f0cd168b8549fc4de0ef6b54d92ab05ff023
Kelvin Goldston,ee96522459b7bdeaca89e2c2a876438c4138a2b84e8c9494635b2a85cff1f613
Ken Cockerel,2f92761ce0044737fdab369532d30e6c399aff2f78325bb5bcde615894d6d611
Kendre Alston,928573dd12cf3851ca612ae23d2c16cbb8352b1da4effea0e890ff1f3e971f80
Kenneth Brown,a3bd89d4486b97a0f4a76c730583a0389e1433a9e1dda66276857e0b5f0e3659
Kenneth Buck,855e4b17591fa3c12eeb1cfac94d326bb7034da9e0067fdd7d673dfb0aabc1a0
Kenneth Dothard,167a8a81806c0073c4614afb9a2383678b56f9a0e292781383a6ef68660ef508
Kenneth Kreyssig,7c0bdbe1043fe3969686ba6294f8d93b58e74489842cd2e0f813e4fff1991e1d
Kenneth Mathena,c5208659555cee3e422f7a1a537387f5f4dd0594ba6b4417e7d306576807e5cf
Kent Norman,4b230e0699479d2df282a1c93a98eb45568e00ca5b5c0ec723018d70a022b486
Kevin Allen,b97b5691c071aa4644d9cbfe82fbd417dc1fbd1030dbcffce59d8e2d519ec7f2
Kevin Norton,bf149c9de762e0e12481cb8f35d8cc44c8533f9edfe9925c59952998018f6d61
Kimber Key,45f6a08ff5a032b9095d5eff1ae4553fa2835eba22b168eeb5df69e694fbdbb3
Kristiana Coignard,e69d83820a701797537c6853439d278284f4bcb69f913f97f7a4e959f24396e7
Kyle Baker,89f27a01a21b118800131fb93eb6ea8eb3c300acfeb3e03040d8366a94ae59da
Larry Hostetter,a8c28b0a31a962e9e8c32704faa46ca30218eb85b46f1c6774497c72ed114ba3
Larry Kobuk,8758c312cacbce06f9a23f3f5964b65166b3373abeed2692bad6d15f19e38495
Lavall Hall,d6a90643c933b6cbbebba77563dc746bbdf6ec11b3de2e89d6fae39474c15a30
Ledarius Williams,11076d4fa2304896c5eb486c4ed3a3bc7d36116c5a662b039ea79941d8c7845d
Leslie Sapp III,c4c4b927d7abdb763b3223584acf2c8f53d144e65ae1957ce3c93cb517ba1e43
Lester Brown,f35b404177d5eaa243e6b382bea1bb1347ac05a8819fd9e6d85f6f6702384a74
Lewis Lembke,ee5806ad1738e18e3ec6302b2b90175eca9d7082f0ca5f262ed5c9d0d4de8751
Lionel Young,eb6728d55a49b7c1391c043d9e8a33bf75a16d41c0d7e0782f5c2f496d2690b7
Loren Simpson,336b23f4c2918b204e33cb42bd28560d1ba9a6d22d584be14b0c87a57d3e83a6
Lorenzo Hayes,bbbeb9a90f85ed2e9a4fc15d3a7634a8fa12c9e96c8a71368d45b323cbf7b7c7
Louis Becker,09e1c6d0fcd416aab2dbcaf0b4a843d75b10cae986c83a9831813ab5d59002d9
Lue Vang,7c240e9287668bf8e4f657e39591fa4c15998918b6bea33d90cbe2e0c0ef66f6
Luis Molina Martinez,61cd2bee00e230ad3b75382b5c20e65e2d8d428822db7f33e3a31c15d7e060de
Mack Long,e68703b44fb56aab8d912c8f3613e889f98f59a654eedfd782b54e3f14561569
Marcus Golden,21dd9ff04ab48525e92fffdfcd5f459922b3d5b322c25dd608a838b239a460bd
Marcus Wheeler,89b5d6a2f4ea5955d3d691c78cf7e2c023cad8eb9edd99ab3209f4e95dbbba4c
Mario Jordan,dbf808ccd199cff00201f262744cad0aa7297fc9e2f9482d00c30f2b7dc1819a
Mark Adair,20be32d99553b0ca55b5496a56cca096bf97ed0e1441d0401a0c575e3dab35ae
Mark Cecil Hawkins,49e4ab5c1d9be51c05ae2eded7040d007762b88db899e2e34c279448101bb529
Mark Farrar,fc7590756eea970ddafd2095e51970baa48d70593027a96fdadc3f9023aa0e8f
Mark Smith,cba6048f35c0f71eb4e0f03b10019183593cdf27a4239d555853b22d652234da
Markell Atkins,c24af0d35083be7a38a6e6a0f822b73e6f13a4dc4e8482764c3ac891a26dd83e
Markus Clark,bef7311bb029f648fab60424ae5ac35297a7f1f99fbe762488bb8744891e23c2
Matautu Nuu,b1ce5df96bf472c87583c8b3393c737da03280714b1815a59ab3add6f3f3951d
Matthew Ajibade,3e1b7b007381655da04f3f41a0584cc040932d0105688dce16eb3ec40576b9b3
Matthew Belk,1d24509977faa01f62b5793021ceb1b92a12e897bf2e5ba68c0d6af9774d0384
Matthew Coates,c49341137b7fe84915d6be7b10e07f502aab99d87de4bc253a10537ca0be25e2
Matthew Hoffman,898688af84c3966267ce2f09565593e01946d13bb792855fded4a73aaa100caf
Matthew Lundy,6e44356acdd4109ef244ea10f6a284d3eb9d73714bc31d50e08a8ff5d821d2ec
Matthew Metz,d85f52de7501185fce9a6db088302db71d6acd6d671f86b2ba0b4c528b4a8b83
Meagan Hockaday,892d9f52b3f3d58fd7baff3ef1c0b80e45079a6817d293ed86b26613979e5d61
Michael Asher,1830b2c95fca8dad839d2567f51692ea5be52e3013972420b5360cbfddf75795
Michael Casper,14b6c94427d89dd7fa31257483555b88dadd166bb18341e2385ca4f3f4efa22d
Michael Foster,084d717d5c09e93a87a5bade8aeda14dc7d59d7f1a2603717e7f971f79d801c8
Michael Gallagher,cd75dd91760bb31724a207cfb92302c665bacf75b9d9c3a6bc13c347c5a09d41
Michael Goebel,768caad344ed5d2de7612e753c4d8dc86f15745a4e0c930b829eae2556149599
Michael Ireland,a8bbce243746408cd6b94d11184b7fea87575be30700d797ec4d1cafdc1c6510
Michael Kocher Jr,28b565a1d75c4056ba4a0a82cf9a9309a9a87734628a1daf0a0e58c484bde6b2
Michael Lemon,bed4cd8b33d9125f81f776ce497bdcd7de63fae6de04786bc8f65bcef095277b
Michael Lowrey,56e0b172a1ac211981d1e6dcb3ce05ff4172d1c0ea6367840622cb2b383559a0
Michael McKillop,38ea0fe1c48a1b1068f6a61c617e9fabb7043bb0e93d04e3215afbc0b74c8fc1
Michael Murphy,bd58bf93660a8db92bbc7f22f840269934b555f6633d538870dc2547b65f5a83
Michael Rodriguez,bb34ced9f7bf6c77a57e5d781a9e5b1215c5e1013be84b97e49f77a6a3ae7227
Michael Smashey,fab9cbf33ea6341e18acf439a6599117a4f929e7a9e2bab420ee1b684af240b7
Millard Tallant III,cd248426fab1dcba1ba85933b583e21c0b2e369252d841817b4d433d5856bada
Monique Deckard,623429420413be7565942437c31f40137e9c42278feb7bfa23a54675f6a74b91
Mychael Lynch,737ea031456503476bceaf41fd8726043bd1150041a120b1c80602b593060981
Nadir Soofi,e5cc4876ff126fe2366e37d6d73bebe3e647193438433cee8f1c81649ce22bfa
Naeschylus Vinzant,8b3c09f22820b53b8f1e98e99c01478f133a2894b59bcac68e6b8fc05650b9bb
Natasha McKenna,bf7573d7578f4a202a363b002fe2ada0b560d166d84f5d7c4fce5b0fb5437bc6
Nathan Massey,eb487d0a8da6af820eb551d64afdbbaf2ba1c13ad39454137a5b0b1973fc9ae5
Nehemiah Fischer,ca66f99c8e933bb0b680217dc9f55b0810834d923de3a8b697667291175441c1
Neil Seifert,dbb8db549f8038f9b5499f81c0aaf06e43a23b864d02c3b9e4048c77405454d7
Nephi Arriguin,107970dcfa5c0ac09972695a02f94af000dc24373d5c1805f43b2475395aec1e
Nicholas Brickman,22aaefa947cafb37d4aed513a2dc544a7529c7e6175899d8fa1aa6f2987c30d1
Nicholas Thomas,c2c3ed61e0f4d34f2f6301560e13da945447819696d496cfe12069a453745e05
Nicolas Tewa,f3618f08fc18e037f16dceca998bcd78145a514e6d7a2146c081e523de21f9e8
Nikki Burtsfield,c47a1c15ff72f86681504507a779e100dd06a3544efa021f9a664115465bde61
Norman Cooper,4589dd8d36c28d5b5fea5eac4d075cb83bab89f6f9fe7e7324d9dc8ace7a1798
Nuwnah Laroche,22a91795e124ed525795a91a955faed5534c156c2c168dd0e0b370ae44f30b32
Omarr Jackson,e846601911f91b7bb0dc5bd22e51aa77ccddf7dff4f7826d1ec64ecd04598485
Orlando Lopez,849ef166e72eb9a7ffc2f4fb342f335d0ec18b249288de11a42e188e76a3a644
Pablo Meza,67c4e6ceb420e5deff76956ea1b64433d1b20f3841d75c31a10c834ae7e9e3f4
Patrick Wetter,35625e6634f8dce23c9fe1841298659154a36c51a634fa5d79e541f6b8c89de5
Paul Anderson,f6a9aa82b3b03c5b46e5060dcbe4a577dd6ef4625b283c9900a45f8eb374930a
Paul Campbell,8ee64f4426e5a8e68b22ac2c2ecaaec2d02a436c432273e1d6ca26c98672dbdf
Paul Johnson,2bf6f0e6763a499feb5aa53dff8350f96cdc88c93c09ef3c1757970fb69cd692
Pedro 'Pete' Juan Saldivar,ccf90c007bc4bf9a848f032a0ba8fb87a3bac1f0942176c188032058647c367a
Philip Conley,5e1144c1827421a95cbbbd59551c8c2a888c5e4caa0aa9d3da8ea92ddf50484c
Phillip Burgess,18bd352f49a5456486b4040162569faa3ead11c08f56007bd0d7c2c58c337255
Phillip Garcia,4da65220337672b241e0619f40ac5b3811a01ce44d17b7363ef9986ec16eba27
Phillip Watkins,8c0e01b449e8d85a996336ac9d2db7a6dbb015fc6c989c5e9f5b432ef5a4678a
Phillip White,6c786355b69808dc8c32ff6ad45d5fb2cb7c5506deb021d981c6cccd7662a964
Quincy Reed Reindl,9fcc1845c9834595cbc3c3a99883112872169b30f58b774711219bd559ce1322
Ralph Willis,06acb4ef87739eb4acf136d7e94f234e62ba995deb8619534996f933b950c9b9
Randall Torrence,a861bab0805d54afc8f95c5f948ae97349b415f9be027baa444ef3ffa5b98405
Raymond Kmetz,4017dfa6e859a279341c6a07d9b0b186fbe641c4c86d3bef912c0713bf06c499
Reginald McGregor,6568a4160f99438217d1ac4aa6289643aafcc90658236f7bd5ba591111c0203f
Richard 'Buddy' Weaver,3660247395a07e2c74e9e579432a272f4d6ba0cafc5eb47e0d65af47c73ea914
Richard Carlin,1da025f2584f4d1280222f9c4d2798cc95c9407a13b7107d9d0bd99b63e18d6b
Richard Castilleja,4f941c221f5e1ef69d0faa82382684325db05bfe0762a06477a55cb2d4c161f7
Richard Davis,5d100cef1eb56ff63cabe611f70035496ac8aa5ae8677c0442ff23dd5409eb06
Richard Hanna,e175c63179306e0b4065ac69e566db7db2d9183e44d9b439f34fcddd1ebd6431
Richard McClendon,9633af55836da7bcb458cf9afb5d6bad90609239dff90bb92b69fb1351d6ab9c
Richard Reed,5d4ded605d45cc1816d81a2a305c3e66d6e9d641e50d0617a3f2be46ba5bfa6f
Ricky Hall,13244b1c3fbef031d4dbcee0c3e394431c8942b961b5081f541256be49fdb4cd
Roark Cook,b6b8a586e763a3b5eea5e4b8bf7b6ba2c64f99bb91bcab8f10aad89e9502aac8
Robert Box,dfeeda34438d6d1907e1ca2160c3083e755332ee36a8d558d9742391083fdbb9
Robert Burdge,a5ac33a1ae6df9c8b9348ecaf4b104f862d3bae344ed55b1af712c690497b5b5
Robert Edwards,b7435834d96ec11a4306f1149dc2578d1098e99ba7e79cfe294736f6e42f5fcb
Robert Francis Mesch,aeb1075a595656afd209aa772299dcefd62495f61b4fe7de1d91f6fa31bd66c9
Robert Frost,6462770841f868e9276e66d555bd3cc24be0f68b17d8a43b69f5ee20070671d9
Robert Kohl,0d98f5c55acab77d34e5b4da6415c717dfc3d2b240a87d1de01e1fb33f8a7b82
Robert Rooker,eb5ac9ab8d9281552de76341f35bd5065ffce6d61f1806041ef029e82d5e480b
Robert Washington,16a60f9bd94c42d2e651f1a8f23101fb6409ab4832c51e5efb68a4cff5272fd4
Roberto Leon,aa1878c4217bd98041a436677d0a5bab62d1a2c8e126a2a042e10e361a7735a4
Roberto Ornelas,67244de3bc9d8dcbae2da874ffa65eb5ef2095bd345cb0d06bf8dea1079037cd
Roberto Rodriguez,be307baff19f8e10376ef337d1ed8ab7eb350f6ca4a24f7a174a2c14facead52
Rodney Biggs,0f43f36bcc73c77d84d0703efe0e91645be4d1cfa2f6b23ca1569d1e3b4dec8b
Rodney Walker,618b9ca58451625936d46241c0ffd9221da8a7df72f9911033058e9003cabf8e
Rodolfo Velazquez,48e231c1fd20b2f657dfdd4673683b581ff826a8e3933fed854300af3a2edef1
Ronald Sneed,75d49147ec3889547fd3585c57afc3c477172589c2607c6fff8abe4b8ce34997
Ronell Wade,af2b6a6b77ee237ba40a013a9a8cdc77be191e87655da7ce59001508801dfa3d
Roy Day,121b1222ecebf6316b05d119333c7575c20de6d509e7c01722baac6bc7996b69
RubÃ_Ã¥Â©n GarcÃ__a Villalpando,e57b2df4e40a36abfa4f50c52642c35499236a955adc27ff37cb96209c714717
Russell Sharrer,ade6633ee37e045fead72a2d489b623e7e5bd9933f2b99b3eeef3d2cba9d25c8
Ryan Burgess,e067d6e64d88b123cd596383e80fe4ccacfad65c8d0b4ed1df40a5f120be6d7d
Salome Rodriguez Jr,ed4161525857c7921e4bf40041c44eb6aa079fc691bbe9bc839511921a3bd17b
Salvador Figueroa,ebf6db6601096640e3403d7c9f9c309f289a0182333cee17930672e290ef6270
Salvador Muna,604fd7cb42dba29584043342be5fb8be93322bec0411fe8c42448e4d9b14d596
Sam Holmes,9e49f5296a3906d718fe7b069ae66e6805cc61faf40a0d320526d82b4213ec1d
Santos 'Cuate' Cortez Hernandez,14cb38a8071765641f938574107cf63e3aeaf3d2702cc6bea86e4c56eba525c7
Sawyer Flache,1cd6f7eb342abd10e7bd66d64657e2487d7b83b899b90c69f28b36bd02ae5997
Scott Dunham,6a4bc30c88b52e0d2e958e4f3de91604056530caa3a5f2f58dfc788955a42ab4
Scott McAllister,f95765f16e6247a6293080ffd53e3f89291a2e1c8ec18644b1f99b0c568d8795
Sean Pelletier,a363b152727e3708236a92303d00e470e268e7cf97be81c6b2cac45e4887111f
Sergio Navas,cc46a2c827e4d62ca002877abe2b12745bed26b8c54d343814492b5b9681675a
Shane Watkins,f4be2bfa85f92aa3baac41ed676c467f6b3168ba889b12d2b493a11152dd20a7
Shaquille Barrow,d374e419ec1e68f3b9b1a8260da04c348c4f6711ed511e7367ec3c3b1152fcaf
Shaun Johnson,bea63a13ec6b6cc1f11915bf4041d8b4570734f30d3fae30ce915b6c09ce8daf
Shawn Clyde,a8aa77f0de62c7b6cfecabad25b4e8313e4c2462aea2a018cc99ecc2ac116840
Sheldon Haleck,b11d569dffbe8436076edc85ab6749b47a93116d499d8d86e23f265d8f66786d
Simon Hubble,31bc73b414c2aa8b3a3e7f0faadcb0b6949c688edb94a3681ff3d638ebcc1a09
Sinthanouxay Khottavongsa,35a86e77c2c642e6eb1ed76d714c5fc20e303a57fc7333de1504ced587f7ba2a
Stanley Grant,d363088201a6113f8af5f3376ee720f240b8426023ae0f67b6e9a58d6eb2abd8
Stanley Watson,46011c6a03fc0bcabc6a94f6278db434962ba244d3897a198eac53cf949374c7
Stephanie Hill,db0d50ac1432a1b6f4857cc2bbf09f9edfae45b9c14d467d21b279b0561e3cd9
Stephen Cunningham,539d1de98cfc607888ea5498124d68e0665a488bc2a9f9195bc470ea240d1240
Steven Davenport,d809c9e292d6cec962a8bdbd6498384a3721eb4227abcadf562dd22e1a3bedb4
Steven Snyder,977b917a0abc49098dfd5e9a3227554fc0357d858b595d5d92230edab4a76310
Talbot Schroeder,65bae89734991fd27648341f1ba4e1095be5310c17f959dd3b7735711b684176
Terence Walker,738d2b43dd64eb360106e8e29ade9e5b60360d91511b8328839be1a7d56b8f82
Terrance Kellom,5e5794fb60ef0b9da751703a1aad8efa2fe44df3959549572897dfe2276a2f4d
Terrance Moxley,798d5846503eff67bb5201bd8b1b25325f6b5632405152a524b7a593b82a3f98
Terry Garnett Jr,411aa4187b47d73ca95df826c4a86e100c09048e104fe567b9da670d2cf5b196
Terry Price,f4c833c98ec8469c4538ef2cf13b1ca33d3b4c518ad26fb4b3db63dd309df110
Tevin Barkley,afbe8d946efd15177172b8053e5b97e83bbc4ebcd0470b69e00379e75d11b291
Thaddeus McCarroll,5b023a64a4ca9448282ab16aebdcd754bd46a36fd55d50af2c9844e3659acc42
Theodore Johnson,f092a08897a7ca3fe19b17070d56420712451e047cee98d2c259cb76b4ac2823
Thomas Allen Jr,21ac75405d16bed4b3c06082dddc79e42ed9b84382887970cbb1c2b4660df37a
Thomas Hamby,75ca56872b26ed40741dbdd0757d2e035308d366d5c1c270de98e6aa3d31dbdd
Thong Kien Ma,9c4ba64e9ae9e5f5a7c044eedef695ed26d56e018784edfd543572b1e16c5c0f
Tiano Meton,b80f3d65df6554171a946a7059cd65ef5e1f44c451bf8b2bdccb16cd96966bd2
Tiffany Terry,83c8c4b1396e3d925057e3b056e8fefe5b36e94defe0f66a23b12bb5fc13dc73
Tim Elliott,1ff47c6d2c8330d366ac21b3f6c7bb1823081b8f7d1f588f5db90f972ffb7133
Timothy Jones,dd7060e7e7cf582ef10bcd9841e1ef9a58627fb4c5ea74e1537f24f93467a4dc
Todd Allen Hodge,f98fe18e08ef0266fea8b203b389218bb6352378341c10195a240758c5e48c08
Todd Jamal Dye,2ae8e46c949ff04851ec73119aaf1e4c80abe60f80b783a27b906b717c05ec5f
Tommy Smith,96812085c5386deb6f50dc61eb5a06a8456db6c1d4e502a6cee64564386e9e84
Tony Robinson,b5af676e3e1e0be2105a60603f55b8d851fd879a809aa9eecdc70d596b4dc7e7
Tony Ross,6a3af9f97a505cf8aa82c2dbb2c61e87f8fca78058b1389890dc99f3da491c35
Troy Boyd,0d83048922258a141d85dfd59f6f9025701babb86055f6eea64d26e5d989c526
Tyrel Vick,6bbb7f3df13566f30df6a079718829d8740b2208dab099f4aafbfe184566d993
Tyrell Larsen,d55e17ae4e735975faa272d6bbf40c9e9ee0e60259e0f7640415860e2daf2621
Tyrone Ryerson,12f84b27ebb2685b9cc9d7b8c80a1d5b8d82c1bd0b68a96f3b0b56dedf65497d
Tyson Hubbard,30907753749fdf14f7a009de258558fbc4f1c4d609aa7065d8f81d45345af6da
Victor Reyes,985ea5105ad1b32316011dd18ca5811809b9a0903e93b08bcdf2db5fbd713161
Victor Terrazas,2b74b6a9639f4e62952991a44932bca99dbf885f38576d59ce1d6d389a9228ae
Vincent Cordaro,7342c340dd22d7afb95a35f6e5d7e41c869825bea8c970163ab61a58dcecc9f9
Walter Brown III,6f2ac3c2c624cb146e387cb992ddfbcde74ee2eecbcd66f451ca8c39b475041c
Walter Scott,175b512b29a89f44b34483426783cb1521ca7d1b9428795e31a67ef9071f0a49
Wendell King,a18f4508b3f7f67b12abcb89dfb9f12b0fa7df5869ff6684b24aff7e0fe8837e
William 'Rusty' Smith,0e6907f0b8cae87d010c6706940c61afe4d603a290a7372f88bddcff33396b69
William Campbell,bde7ae5fc527ec70ee624fe365feebc9d83ce9269470a6b4763603afe5de9404
William Chapman II,be5c182d2a9edd5d5e39a4c6e7a4e440ffdd1ac2ff5f4ed7bb5c32051351644f
William Dick III,b7aa76ae8da6f7a5e02749b6cd6114ee32c785a5636c4a652a1e64c024df171e
William Poole,4a2708b898dc8fa8521c1d98015551b247fa337fec01cc3995f2e4ccb6192353
Yuvette Henderson,47d111a73e89999824e95430e396f6199e2bde809eddef0c7672df4e35a1eec9
Zaki Shinwary,951fe52a6d732fa9203a4cbb0c8db5c42bcfa380723853f88b0ea6f9698aa8c8
